"id";"name";"destination";"phone_no"
"EM0001";"Kumar";"Technical Trainer";987654000000
"EM0002";"Kumar";"Technical trainer";9875843286
"EM0003";"Ram Kumar";"Technical Trainer";9674729648
"EM0004";"Tamil Arasan";"Technical Trainer";9648735296
"EM0005";"Vijay";"Technical Trainer";985749376
"EM0006";"Sri Ram";"Technical Trainer";895486595
"EM0007";"Sasi";"General Trainer";9867564534
"EM0008";"Akilesh";"General Trainer";8967463455
"EM0009";"Hari";"Technical Trainer";9867463428
"EM0010";"Sanjay";"Technical Trainer";9867574396
